timeOfDayInSeconds,personId,rideHailVehicleId,waitingTimeInSeconds
27582.0,39997-1,rideHailVehicle-50972-4,687.0
29215.0,47121-4,rideHailVehicle-6905-2,578.0
29702.0,40687-2,rideHailVehicle-40052-2,324.0
35850.0,37791-2,rideHailVehicle-44768-3,425.0
35850.0,38521-2,rideHailVehicle-38420-2,1108.0
35850.0,36706-1,rideHailVehicle-38395-2,1108.0
40143.0,45551-3,rideHailVehicle-38929-3,1072.0
40143.0,39060-2,rideHailVehicle-38131-1,1072.0
40143.0,44792-4,rideHailVehicle-46069-3,1072.0
40815.0,39393-7,rideHailVehicle-39971-4,599.0
40143.0,37958-3,rideHailVehicle-38642-4,1469.0
44710.0,37791-2,rideHailVehicle-46069-3,669.0
44710.0,38521-2,rideHailVehicle-38929-3,669.0
44710.0,36706-1,rideHailVehicle-38131-1,669.0
45900.0,39116-1,rideHailVehicle-45156-2,152.0
46873.0,39060-2,rideHailVehicle-38642-4,95.0
46873.0,37958-3,rideHailVehicle-38644-1,211.0
46873.0,44792-4,rideHailVehicle-38883-1,211.0
46873.0,45551-3,rideHailVehicle-38995-2,243.0
47223.0,39393-7,rideHailVehicle-29932-1,569.0
59401.0,38760-4,rideHailVehicle-39419-1,264.0
59401.0,38697-3,rideHailVehicle-38595-1,264.0
60803.0,47121-4,rideHailVehicle-2699-1,155.0
63109.0,40687-2,rideHailVehicle-44506-1,342.0
63287.0,39997-1,rideHailVehicle-2661-2,314.0
65819.0,38760-4,rideHailVehicle-38240-1,208.0
65819.0,38697-3,rideHailVehicle-50987-4,208.0
