modeChoiceReplanningEventChain,count
ride_hail_pooled-Replanning-ride_hail,4
ride_hail_pooled-Replanning-walk_transit-Replanning-walk_transit,51
ride_hail_pooled-Replanning-car,110
ride_hail_pooled-Replanning-ride_hail_pooled,67
drive_transit-Replanning-walk_transit,113
walk_transit-Replanning-walk_transit-Replanning-walk_transit-Replanning-walk,165
walk_transit-Replanning-walk,18
ride_hail_pooled-Replanning-ride_hail_pooled-Replanning-ride_hail_pooled-Replanning-walk,67
ride_hail_pooled-Replanning-ride_hail_pooled-Replanning-walk_transit-Replanning-walk,3
ride_hail_pooled-Replanning-drive_transit,5
ride_hail_pooled-Replanning-walk,16
walk_transit-Replanning-walk_transit,657
drive_transit-Replanning-walk_transit-Replanning-walk_transit,16
ride_hail_pooled-Replanning-ride_hail_pooled-Replanning-car,4
ride_hail_pooled-Replanning-ride_hail_pooled-Replanning-walk_transit,10
ride_hail_pooled-Replanning-walk_transit-Replanning-walk_transit-Replanning-walk,13
ride_hail_pooled-Replanning-walk_transit-Replanning-walk,1
ride_hail_pooled-Replanning-ride_hail_pooled-Replanning-ride_hail_pooled,25
walk_transit-Replanning-walk_transit-Replanning-walk_transit,365
ride_hail_pooled-Replanning-walk_transit,267
